<?xml version="1.0" ?>
<LOG_ROOT>
	<PROJECT NAME="PIP">
		<CBX_INST_ENTRY INSTANCE_NAME="|PIP|csc:csc_0|mult6x6:mult2|lpm_mult:lpm_mult_component" CBX_FILE_NAME="mult_26p.tdf"/>
		<CBX_INST_ENTRY INSTANCE_NAME="|PIP|csc:csc_0|mult6x6:mult1|lpm_mult:lpm_mult_component" CBX_FILE_NAME="mult_26p.tdf"/>
		<CBX_INST_ENTRY INSTANCE_NAME="|PIP|csc:csc_0|mult6x6:mult3|lpm_mult:lpm_mult_component" CBX_FILE_NAME="mult_26p.tdf"/>
		<CBX_INST_ENTRY INSTANCE_NAME="|PIP|csc:csc_0|mult6x6:mult5|lpm_mult:lpm_mult_component" CBX_FILE_NAME="mult_26p.tdf"/>
		<CBX_INST_ENTRY INSTANCE_NAME="|PIP|rd_sdcard:rd_sdcard_inst|fifo_rd_sdcard:fifo_rd_sdcard_inst|dcfifo_mixed_widths:dcfifo_mixed_widths_component" CBX_FILE_NAME="dcfifo_eij1.tdf"/>
		<CBX_INST_ENTRY INSTANCE_NAME="|PIP|spiMaster:spiMaster_inst|sm_TxFifo:u_sm_txFifo|sm_fifoRTL:u_sm_fifo|sm_dpMem_dc:u_sm_dpMem_dc|altsyncram:buffer_rtl_1" CBX_FILE_NAME="altsyncram_gog1.tdf"/>
		<CBX_INST_ENTRY INSTANCE_NAME="|PIP|wr_sdcard:wr_sdcard_inst|fifo_256:fifo_256_inst|dcfifo:dcfifo_component" CBX_FILE_NAME="dcfifo_e9f1.tdf"/>
		<CBX_INST_ENTRY INSTANCE_NAME="|PIP|csc:csc_0|mult6x6:mult4|lpm_mult:lpm_mult_component" CBX_FILE_NAME="mult_26p.tdf"/>
		<CBX_INST_ENTRY INSTANCE_NAME="|PIP|fifo_display_1024x16:fifo_display_1024x16_inst|dcfifo:dcfifo_component" CBX_FILE_NAME="dcfifo_7si1.tdf"/>
		<CBX_INST_ENTRY INSTANCE_NAME="|PIP|fifo_display_video512x16:fifo_display_video512x16_inst|dcfifo:dcfifo_component" CBX_FILE_NAME="dcfifo_6hj1.tdf"/>
		<CBX_INST_ENTRY INSTANCE_NAME="|PIP|fifo_wrbuffer_512x16:fifo_wrbuffer_512x16_inst|dcfifo:dcfifo_component" CBX_FILE_NAME="dcfifo_lni1.tdf"/>
		<CBX_INST_ENTRY INSTANCE_NAME="|PIP|spiMaster:spiMaster_inst|sm_RxFifo:u_sm_rxFifo|sm_fifoRTL:u_sm_fifo|sm_dpMem_dc:u_sm_dpMem_dc|altsyncram:buffer_rtl_0" CBX_FILE_NAME="altsyncram_gog1.tdf"/>
	</PROJECT>
</LOG_ROOT>
